student_id,cgpa,number_of_skills,has_ml,has_dsa,has_projects,experience_years,domain,certifications_count,internships,communication_score,aptitude_score,company_type,eligibility_label,salary_lpa
1,6.8,6,1,0,0,2.9,Civil,0,1,60,66,Product,Product,13.0
2,8.51,4,1,0,1,1.8,Civil,1,1,90,43,Government,Government,11.71
3,5.75,13,0,0,1,0.5,AIML,3,0,94,59,Startup,Startup,9.95
4,5.28,7,1,1,0,2.6,DataScience,1,0,73,73,Product,Product,11.28
5,7.89,7,0,0,0,2.1,IoT,4,3,67,51,Service,Service,12.89
6,5.1,13,0,0,0,2.9,Web,4,1,98,83,Startup,Startup,14.1
7,9.0,14,1,1,0,0.6,AIML,5,3,64,98,Product,Product,13.8
8,5.87,13,0,0,0,0.6,AIML,2,2,68,41,Product,Product,10.27
9,6.46,3,0,1,0,1.6,Core,4,1,67,80,Service,Service,8.86
10,7.07,5,1,1,0,0.9,Semiconductor,0,1,55,82,Government,Government,8.87
11,7.94,10,0,1,1,0.4,Web,5,0,86,46,Startup,Startup,10.74
12,6.4,14,0,1,0,1.1,Cybersecurity,4,2,54,56,Government,Government,12.2
13,7.19,15,1,0,1,2.4,Mechanical,4,0,42,58,Government,Government,15.99
14,5.96,1,0,1,1,1.5,Mechanical,5,2,74,74,Service,Service,7.36
15,7.84,12,0,1,0,0.1,Cloud,1,3,79,73,Government,Government,10.84
16,7.92,6,0,0,1,0.5,IoT,0,1,76,92,Government,Government,9.32
17,5.31,14,0,1,1,2.8,Mechanical,1,3,46,80,Product,Product,14.51
18,9.64,4,0,1,0,2.4,AIML,5,3,74,97,Government,Government,14.04
19,6.46,8,0,1,1,0.3,Cybersecurity,3,0,46,81,Government,Government,8.26
20,8.28,3,0,0,1,1.3,Mechanical,2,2,67,85,Government,Government,10.08
21,5.59,9,0,1,1,1.5,Semiconductor,0,0,50,77,Service,Service,10.19
22,5.17,1,1,0,1,2.7,AIML,2,3,65,43,Service,Service,8.97
23,6.24,8,0,1,0,2.0,Core,4,2,69,55,Service,Service,11.44
24,6.5,10,0,0,1,1.6,IoT,2,0,92,51,Service,Service,11.7
25,7.62,3,0,0,0,0.6,Cloud,4,0,68,76,Government,Government,8.02
26,9.65,8,0,1,1,2.3,AIML,4,1,49,95,Startup,Startup,15.45
27,9.51,3,1,1,1,2.7,Civil,1,0,54,87,Startup,Startup,14.11
28,7.87,12,0,1,1,2.8,AIML,5,0,69,81,Product,Product,16.27
29,5.42,9,0,0,0,0.6,Mechanical,2,3,44,42,Service,Service,8.22
30,5.22,10,1,1,1,1.0,Civil,3,0,78,51,Government,Government,9.22
31,6.87,8,1,1,1,0.8,DataScience,3,2,92,54,Product,Product,9.67
32,8.98,8,1,0,1,1.1,Cybersecurity,4,3,89,81,Startup,Startup,12.38
33,6.35,4,1,0,0,1.6,AIML,2,2,59,42,Product,Product,9.15
34,5.68,11,0,0,0,2.4,AIML,5,2,53,61,Service,Service,12.88
35,5.36,7,0,0,0,3.0,AIML,5,1,77,91,Startup,Startup,12.16
36,8.71,13,0,1,1,0.6,AIML,2,0,59,97,Service,Service,13.11
37,5.03,12,1,1,1,2.4,Web,3,3,71,61,Service,Service,12.63
38,8.39,8,0,0,0,2.2,DataScience,5,1,53,88,Service,Service,13.99
39,8.7,8,1,1,1,0.2,Cloud,1,0,48,80,Product,Product,10.3
40,6.72,10,0,1,1,0.3,AIML,2,1,87,70,Startup,Startup,9.32
41,9.14,8,1,1,1,1.9,Web,3,2,70,63,Government,Government,14.14
42,6.59,8,0,1,0,0.2,Cloud,1,0,93,66,Government,Government,8.19
43,6.49,1,1,0,1,1.0,Cybersecurity,2,0,44,45,Government,Government,6.89
44,8.5,5,0,1,1,1.9,Semiconductor,2,3,87,77,Government,Government,12.3
45,9.26,7,0,0,0,1.4,Civil,1,2,44,47,Product,Product,12.86
46,5.57,15,1,1,1,2.1,DataScience,1,1,77,45,Service,Service,13.77
47,8.65,5,1,1,1,1.7,DataScience,4,1,84,55,Service,Service,12.05
48,8.7,1,0,1,1,1.5,Cloud,0,1,72,51,Product,Product,10.1
49,7.51,15,0,0,0,1.3,Core,0,2,91,93,Service,Service,14.11
50,5.12,15,1,1,0,0.3,DataScience,5,2,67,99,Government,Government,9.72
51,5.15,4,0,0,1,1.9,DataScience,4,2,95,63,Government,Government,8.55
52,6.51,11,0,1,1,1.5,AIML,3,1,68,69,Government,Government,11.91
53,9.36,8,1,0,1,0.7,Mechanical,2,0,47,84,Government,Government,11.96
54,6.97,12,1,1,0,2.3,Cybersecurity,5,2,77,66,Startup,Startup,14.37
55,6.1,12,1,0,0,0.2,AIML,4,3,89,60,Startup,Startup,9.3
56,6.39,10,0,0,0,0.5,Core,1,3,97,59,Service,Service,9.39
57,9.46,8,1,0,1,2.4,Cybersecurity,4,1,83,41,Government,Government,15.46
58,8.04,9,1,1,1,2.6,Web,2,0,56,50,Product,Product,14.84
59,8.86,7,1,0,0,0.6,DataScience,2,0,84,53,Government,Government,10.86
60,9.28,9,1,1,0,1.6,Cybersecurity,3,0,93,55,Startup,Startup,14.08
61,8.88,8,0,1,0,2.7,Cloud,3,1,89,77,Product,Product,15.48
62,6.53,11,1,1,1,0.3,IoT,0,1,45,80,Product,Product,9.53
63,6.09,3,1,0,0,1.3,IoT,1,0,69,78,Product,Product,7.89
64,8.93,2,1,1,1,2.6,Web,3,3,64,98,Government,Government,12.93
65,5.03,1,0,0,0,1.5,Mechanical,3,3,40,62,Service,Service,6.43
66,7.0,2,0,1,1,0.7,Core,1,2,63,75,Government,Government,7.2
67,5.58,5,1,1,1,1.0,Civil,5,2,72,67,Government,Government,7.58
68,9.53,13,0,0,1,1.0,Cybersecurity,4,1,40,99,Product,Product,14.73
69,7.49,9,1,1,1,2.1,Civil,0,0,56,43,Government,Government,13.29
70,6.75,2,1,1,1,2.9,Web,3,0,77,91,Service,Service,11.35
71,9.62,15,1,1,1,0.8,Cybersecurity,3,3,42,80,Service,Service,15.22
72,7.39,4,0,0,0,0.9,Semiconductor,1,3,49,51,Product,Product,8.79
73,6.37,2,0,1,1,0.1,Core,0,2,76,88,Government,Government,5.37
74,7.93,11,1,0,1,1.5,Cloud,5,3,76,52,Service,Service,13.33
75,5.25,2,0,0,0,0.8,Cybersecurity,1,0,99,82,Startup,Startup,5.65
76,9.36,12,0,1,1,0.7,Cybersecurity,4,0,42,93,Startup,Startup,13.56
77,5.7,10,1,0,0,1.5,Core,4,2,76,55,Government,Government,10.7
78,9.73,4,0,1,0,0.7,Cybersecurity,0,0,72,96,Service,Service,10.73
79,8.23,12,0,0,1,2.3,Cloud,2,1,82,42,Government,Government,15.63
80,6.14,1,0,0,1,2.2,Mechanical,3,0,94,66,Service,Service,8.94
81,6.77,4,1,1,1,1.9,Semiconductor,3,1,91,57,Government,Government,10.17
82,8.04,5,1,0,1,1.6,Civil,2,0,46,91,Startup,Startup,11.24
83,5.43,7,1,0,1,2.5,IoT,4,2,43,49,Startup,Startup,11.23
84,6.54,13,1,0,1,0.6,Cybersecurity,0,1,62,77,Product,Product,10.94
85,5.2,1,0,1,0,1.8,Cybersecurity,0,3,72,44,Startup,Startup,7.2
86,8.25,9,1,0,1,0.0,Core,0,1,56,100,Government,Government,9.85
87,7.46,14,0,1,1,0.7,Web,2,1,57,43,Startup,Startup,12.46
88,8.1,15,1,1,1,0.5,AIML,4,1,61,41,Service,Service,13.1
89,8.32,8,1,0,0,1.2,AIML,5,0,60,50,Service,Service,11.92
90,9.5,8,0,0,1,0.4,DataScience,5,0,84,74,Product,Product,11.5
91,6.64,7,1,0,0,0.3,AIML,2,2,63,68,Service,Service,8.04
92,9.44,3,1,1,0,2.6,AIML,0,1,65,52,Startup,Startup,13.84
93,6.24,1,0,1,0,2.0,Core,0,2,46,69,Service,Service,8.64
94,8.92,13,0,1,1,1.7,IoT,3,0,92,70,Product,Product,15.52
95,7.54,5,1,0,0,0.7,Cybersecurity,4,0,40,62,Product,Product,8.94
96,5.45,2,1,0,0,2.7,IoT,4,2,53,75,Government,Government,9.65
97,9.32,15,0,1,0,1.9,IoT,5,0,87,79,Product,Product,17.12
98,6.63,8,1,0,0,1.0,Cloud,5,0,69,74,Startup,Startup,9.83
99,8.48,7,0,0,0,2.7,Core,3,0,51,81,Startup,Startup,14.68
100,9.26,2,1,1,0,2.3,IoT,5,2,96,59,Startup,Startup,12.66
101,8.08,3,0,0,1,0.3,IoT,5,0,82,66,Startup,Startup,7.88
102,5.78,7,1,0,0,2.7,Core,4,0,86,81,Service,Service,11.98
103,7.91,9,1,1,0,0.0,Cloud,0,3,74,77,Startup,Startup,9.51
104,5.49,4,1,0,1,2.0,Semiconductor,3,1,65,58,Government,Government,9.09
105,5.02,9,1,1,1,0.5,IoT,5,3,51,93,Service,Service,7.62
106,7.63,7,0,1,1,2.1,IoT,5,3,42,81,Startup,Startup,12.63
107,8.13,1,1,1,0,0.7,Civil,5,3,72,50,Startup,Startup,7.93
108,8.42,11,1,0,0,0.7,DataScience,5,2,88,86,Product,Product,12.22
109,6.56,15,0,0,0,2.2,AIML,4,2,45,51,Service,Service,14.96
110,8.12,2,0,1,0,2.5,IoT,3,2,78,87,Startup,Startup,11.92
111,8.16,5,0,0,0,1.7,Semiconductor,1,2,57,79,Product,Product,11.56
112,5.45,5,0,1,1,1.1,Cloud,5,3,84,52,Product,Product,7.65
113,6.27,5,0,1,0,0.7,AIML,1,2,52,61,Government,Government,7.67
114,9.67,8,0,0,0,1.2,Core,0,3,82,53,Product,Product,13.27
115,9.28,11,1,0,1,1.9,AIML,2,2,55,53,Product,Product,15.48
116,8.82,8,0,0,0,1.5,Mechanical,3,3,50,79,Startup,Startup,13.02
117,7.77,12,1,0,1,1.5,Civil,4,2,55,96,Government,Government,13.57
118,5.94,1,1,0,1,2.2,Mechanical,4,1,47,55,Government,Government,8.74
119,6.35,2,1,1,0,0.1,AIML,5,0,85,99,Government,Government,5.35
120,8.1,8,1,1,0,0.5,IoT,2,2,44,99,Service,Service,10.3
121,9.51,5,1,1,0,2.9,Mechanical,1,2,77,62,Service,Service,15.31
122,9.39,14,1,0,0,1.1,Mechanical,5,0,55,49,Startup,Startup,15.19
123,5.07,13,1,0,0,2.8,Core,4,3,75,77,Government,Government,13.87
124,7.06,9,1,0,0,2.9,Cybersecurity,0,2,52,43,Product,Product,14.46
125,9.63,4,0,1,1,2.6,IoT,0,1,45,69,Government,Government,14.43
126,6.41,9,0,0,0,1.2,Civil,5,3,93,97,Service,Service,10.41
127,9.09,5,0,1,0,1.0,IoT,0,1,62,71,Service,Service,11.09
128,5.81,9,1,0,0,1.7,IoT,0,3,96,90,Service,Service,10.81
129,9.49,7,1,0,0,2.1,Core,5,2,96,72,Service,Service,14.49
130,7.74,4,1,1,1,0.3,Web,4,0,81,65,Startup,Startup,7.94
131,7.95,3,0,0,1,3.0,Cybersecurity,0,2,52,69,Startup,Startup,13.15
132,5.67,3,1,1,1,1.6,DataScience,2,3,96,54,Government,Government,8.07
133,9.21,9,0,0,1,2.2,Web,0,0,47,82,Service,Service,15.21
134,8.35,12,0,0,1,2.1,Cloud,5,3,89,60,Product,Product,15.35
135,6.73,3,1,1,0,0.9,Civil,4,3,41,62,Government,Government,7.73
136,8.88,11,0,1,1,2.4,Mechanical,2,1,47,96,Startup,Startup,16.08
137,9.16,7,1,0,0,2.7,Semiconductor,5,0,77,54,Service,Service,15.36
138,7.45,12,0,1,1,1.5,Cybersecurity,3,0,49,88,Product,Product,13.25
139,8.83,7,1,1,1,1.9,DataScience,4,1,50,44,Startup,Startup,13.43
140,8.37,5,0,0,1,2.4,DataScience,3,0,45,77,Product,Product,13.17
141,9.27,2,1,0,1,1.0,Civil,3,1,43,62,Government,Government,10.07
142,6.8,11,0,0,0,0.3,AIML,3,3,61,75,Product,Product,9.8
143,7.78,11,1,1,0,0.1,Cybersecurity,0,3,53,49,Government,Government,10.38
144,7.23,4,0,1,0,1.6,Web,0,1,69,55,Startup,Startup,10.03
145,6.38,3,0,1,1,1.8,IoT,4,2,67,91,Startup,Startup,9.18
146,5.15,6,1,0,0,0.1,Web,2,3,100,90,Product,Product,5.75
147,8.95,12,1,1,1,1.1,Cybersecurity,2,2,52,82,Service,Service,13.95
148,5.61,2,1,1,0,1.6,Core,4,2,55,49,Service,Service,7.61
149,8.7,13,1,0,1,0.6,DataScience,3,2,83,85,Product,Product,13.1
150,7.99,14,1,0,0,0.3,AIML,3,3,83,55,Startup,Startup,12.19
151,5.25,6,1,0,1,1.6,Web,4,2,75,71,Product,Product,8.85
152,7.6,14,0,1,0,1.9,Cloud,0,0,73,94,Government,Government,15.0
153,8.49,6,0,0,0,2.9,Cybersecurity,5,3,72,44,Government,Government,14.69
154,7.48,10,1,0,1,1.0,Web,5,0,99,65,Government,Government,11.48
155,8.82,8,1,1,0,0.8,Semiconductor,1,2,91,88,Service,Service,11.62
156,7.11,9,0,0,0,0.2,AIML,3,2,54,62,Startup,Startup,9.11
157,5.12,5,1,0,1,2.9,Semiconductor,4,1,99,84,Startup,Startup,10.92
158,9.01,5,0,0,1,2.1,Cybersecurity,5,0,98,63,Product,Product,13.21
159,6.96,7,0,1,1,0.5,Semiconductor,0,3,52,68,Startup,Startup,8.76
160,5.75,10,1,0,1,0.8,AIML,2,0,73,40,Startup,Startup,9.35
161,7.64,13,1,0,1,2.1,Cybersecurity,5,3,84,57,Service,Service,15.04
162,8.17,4,1,0,1,0.8,Civil,1,0,79,92,Startup,Startup,9.37
163,9.58,9,1,0,0,2.2,IoT,4,3,83,59,Product,Product,15.58
164,7.66,2,1,1,0,1.8,AIML,0,2,67,87,Product,Product,10.06
165,7.01,4,0,1,0,0.7,Semiconductor,0,1,82,64,Product,Product,8.01
166,6.71,8,1,0,0,2.3,Mechanical,2,2,69,43,Startup,Startup,12.51
167,5.07,8,1,1,0,0.3,DataScience,3,0,98,87,Government,Government,6.87
168,5.22,15,0,1,1,0.1,Semiconductor,0,0,65,46,Product,Product,9.42
169,9.11,4,1,0,1,2.1,Cybersecurity,0,2,64,72,Government,Government,12.91
170,7.28,6,1,0,1,0.3,DataScience,5,2,76,54,Government,Government,8.28
171,7.36,10,1,0,0,1.4,DataScience,1,3,64,93,Product,Product,12.16
172,5.83,10,1,0,0,1.3,Cloud,4,3,42,65,Service,Service,10.43
173,6.91,9,1,1,1,1.8,Cloud,0,0,41,66,Service,Service,12.11
174,8.05,13,1,0,1,0.1,Cloud,1,0,66,89,Service,Service,11.45
175,6.8,9,0,1,0,1.9,Semiconductor,0,1,71,75,Service,Service,12.2
176,7.42,3,0,0,0,2.6,Web,2,1,45,95,Product,Product,11.82
177,8.16,6,1,1,1,0.5,AIML,1,2,49,67,Startup,Startup,9.56
178,5.34,8,1,1,0,1.9,IoT,5,2,79,96,Government,Government,10.34
179,5.13,3,0,1,0,1.8,AIML,1,1,99,45,Government,Government,7.93
180,9.51,3,1,0,0,1.7,Web,3,3,77,47,Startup,Startup,12.11
181,6.86,3,0,1,0,1.9,IoT,5,1,61,71,Product,Product,9.86
182,7.2,11,0,1,0,1.6,Semiconductor,4,1,80,83,Government,Government,12.8
183,9.52,8,1,1,1,1.2,Civil,3,3,91,59,Startup,Startup,13.12
184,9.61,5,0,0,0,2.7,Cloud,0,1,71,94,Government,Government,15.01
185,5.94,15,1,0,1,0.2,Core,2,3,68,95,Government,Government,10.34
186,5.48,15,1,0,1,0.1,Mechanical,1,3,96,56,Product,Product,9.68
187,5.45,11,1,0,0,2.0,Civil,1,3,87,70,Startup,Startup,11.85
188,5.34,2,1,0,1,1.0,Civil,3,0,86,81,Product,Product,6.14
189,9.06,9,0,0,1,0.1,IoT,5,0,45,51,Service,Service,10.86
190,8.91,3,0,1,1,0.8,Cloud,2,3,57,79,Startup,Startup,9.71
191,5.57,7,0,0,1,2.1,Core,4,1,82,50,Startup,Startup,10.57
192,8.02,10,0,1,0,2.6,Civil,2,3,77,88,Startup,Startup,15.22
193,8.53,6,0,0,1,2.4,Cloud,2,1,51,88,Government,Government,13.73
194,6.35,13,1,1,0,0.5,Cloud,2,0,66,44,Product,Product,10.55
195,8.6,15,0,0,1,2.4,Mechanical,2,0,57,40,Product,Product,17.4
196,9.75,15,1,0,1,1.2,Cloud,5,2,51,57,Government,Government,16.15
197,6.79,2,1,1,1,2.3,Semiconductor,1,3,86,87,Service,Service,10.19
198,6.64,14,0,0,0,2.8,Cloud,1,0,55,72,Startup,Startup,15.84
199,9.12,1,1,1,1,1.3,DataScience,0,2,70,48,Startup,Startup,10.12
200,8.6,5,0,0,1,2.3,Cybersecurity,3,2,63,87,Service,Service,13.2
201,5.49,11,0,1,0,2.7,Cloud,3,2,96,80,Service,Service,13.29
202,7.43,6,1,1,1,2.5,DataScience,5,3,87,55,Product,Product,12.83
203,6.54,3,0,1,0,2.7,Cybersecurity,4,1,63,97,Product,Product,11.14
204,6.87,12,1,1,1,0.0,Cloud,5,3,100,54,Product,Product,9.67
205,9.35,4,0,1,0,0.3,Cloud,1,2,43,59,Government,Government,9.55
206,6.53,7,0,1,1,2.9,AIML,3,1,42,43,Product,Product,13.13
207,9.56,1,1,0,1,1.7,AIML,2,1,54,44,Government,Government,11.36
208,8.03,11,0,0,1,1.3,DataScience,5,2,68,78,Startup,Startup,13.03
209,6.41,8,1,1,0,1.0,Semiconductor,5,0,91,41,Startup,Startup,9.61
210,8.23,3,1,0,1,2.3,Core,4,0,83,51,Startup,Startup,12.03
211,8.8,9,1,1,0,2.4,Mechanical,0,0,85,42,Government,Government,15.2
212,5.44,11,1,1,0,1.5,Core,1,1,40,82,Government,Government,10.84
213,5.28,8,0,0,1,1.6,Web,3,3,58,76,Service,Service,9.68
214,7.12,13,0,1,1,2.7,Cybersecurity,3,2,56,75,Service,Service,15.72
215,6.68,9,0,1,0,0.4,Semiconductor,4,1,87,73,Government,Government,9.08
216,5.69,3,1,1,0,2.3,DataScience,3,0,48,61,Product,Product,9.49
217,7.97,15,1,1,1,0.3,Mechanical,0,2,90,90,Government,Government,12.57
218,5.4,9,0,1,1,2.1,Cloud,1,1,75,67,Startup,Startup,11.2
219,5.35,12,1,1,0,2.5,DataScience,2,1,77,79,Startup,Startup,13.15
220,8.39,10,1,0,0,0.2,Core,1,3,93,59,Product,Product,10.79
221,5.41,4,1,0,1,3.0,Mechanical,2,1,55,76,Government,Government,11.01
222,6.8,8,0,0,0,1.1,AIML,4,2,97,61,Product,Product,10.2
223,8.9,9,1,1,0,2.8,Mechanical,3,0,65,53,Startup,Startup,16.1
224,9.73,12,1,1,1,2.3,DataScience,0,1,61,81,Service,Service,17.13
225,6.81,1,1,1,1,0.3,Mechanical,1,3,51,61,Product,Product,5.81
226,8.73,12,1,0,0,1.7,Semiconductor,1,3,93,70,Startup,Startup,14.93
227,7.04,6,0,1,1,2.7,AIML,1,2,72,92,Service,Service,12.84
228,5.53,9,0,1,1,1.5,AIML,5,2,62,72,Product,Product,10.13
229,5.05,7,0,1,0,1.4,AIML,4,0,83,79,Product,Product,8.65
230,5.27,3,0,0,1,0.4,Cybersecurity,2,2,72,86,Service,Service,5.27
231,5.56,13,1,0,0,1.9,Core,5,1,70,48,Startup,Startup,12.56
232,8.58,9,0,1,1,1.8,DataScience,5,0,92,97,Startup,Startup,13.78
233,9.62,3,0,1,0,1.1,Cybersecurity,3,2,85,54,Government,Government,11.02
234,6.37,15,1,0,0,2.6,Semiconductor,3,2,70,48,Government,Government,15.57
235,6.07,13,1,0,0,2.9,Web,4,1,82,77,Service,Service,15.07
236,5.06,10,0,1,0,2.9,Cloud,2,0,93,95,Product,Product,12.86
237,5.21,2,1,1,0,2.7,Civil,2,0,45,67,Product,Product,9.41
238,7.53,8,0,1,0,3.0,Cybersecurity,3,1,72,90,Service,Service,14.73
239,5.35,3,1,0,1,1.7,Civil,0,0,49,52,Government,Government,7.95
240,9.65,3,1,0,1,1.6,Cybersecurity,5,1,52,57,Service,Service,12.05
241,8.02,4,1,1,0,2.1,AIML,5,3,53,51,Government,Government,11.82
242,7.18,12,0,0,1,1.9,Web,3,3,69,95,Product,Product,13.78
243,7.8,12,0,1,1,2.7,DataScience,2,2,60,75,Government,Government,16.0
244,5.22,4,0,1,1,0.8,Cybersecurity,2,0,57,44,Government,Government,6.42
245,9.56,9,1,0,1,2.7,Cybersecurity,0,1,56,92,Service,Service,16.56
246,7.19,14,0,1,0,1.9,Cloud,1,3,45,58,Service,Service,14.59
247,6.33,10,1,0,1,0.6,Core,2,1,94,100,Product,Product,9.53
248,7.23,9,1,1,1,1.1,IoT,2,0,82,73,Product,Product,11.03
249,7.8,2,0,1,0,0.2,Cybersecurity,3,0,100,97,Service,Service,7.0
250,9.68,3,0,1,0,3.0,Civil,1,1,79,44,Product,Product,14.88
251,8.35,3,1,1,0,1.6,Web,1,0,58,96,Product,Product,10.75
252,6.49,6,1,1,0,2.4,Semiconductor,3,2,53,49,Startup,Startup,11.69
253,8.29,8,1,1,1,0.5,DataScience,1,1,86,70,Government,Government,10.49
254,9.37,4,0,0,0,2.5,Mechanical,1,2,82,93,Service,Service,13.97
255,9.56,7,0,1,1,2.2,Civil,2,2,83,46,Startup,Startup,14.76
256,7.94,7,0,1,1,1.3,IoT,1,0,99,50,Product,Product,11.34
257,9.48,5,0,0,1,2.6,AIML,0,0,42,96,Service,Service,14.68
258,5.22,9,0,1,1,0.1,DataScience,3,0,71,55,Product,Product,7.02
259,6.81,14,0,0,1,2.4,DataScience,1,3,99,91,Government,Government,15.21
260,9.74,13,0,0,0,0.5,DataScience,2,1,77,82,Service,Service,13.94
261,7.85,10,0,0,0,1.1,Core,0,2,73,65,Government,Government,12.05
262,9.66,10,0,0,0,2.5,Semiconductor,4,1,88,91,Government,Government,16.66
263,9.02,13,0,1,1,1.4,Core,0,1,73,100,Government,Government,15.02
264,6.99,8,1,0,1,0.8,Civil,1,3,86,69,Startup,Startup,9.79
265,5.27,13,1,0,0,2.6,Cybersecurity,0,0,97,40,Product,Product,13.67
266,8.9,5,1,0,1,3.0,Cybersecurity,1,1,88,65,Product,Product,14.9
267,9.78,14,1,0,1,1.7,Web,3,2,89,58,Government,Government,16.78
268,8.69,2,0,1,0,2.8,Mechanical,1,3,85,66,Government,Government,13.09
269,9.08,9,1,1,0,0.7,DataScience,4,3,62,42,Service,Service,12.08
270,7.16,15,1,0,1,0.4,DataScience,4,2,47,53,Service,Service,11.96
271,9.58,4,1,1,0,1.8,Civil,1,3,43,97,Government,Government,12.78
272,6.1,15,0,0,0,2.0,Cloud,2,2,42,67,Startup,Startup,14.1
273,7.97,13,1,0,1,1.1,IoT,1,2,51,51,Service,Service,13.37
274,5.55,12,1,1,1,2.0,Mechanical,3,0,91,51,Product,Product,12.35
275,7.5,14,1,0,1,2.3,IoT,1,2,42,93,Government,Government,15.7
276,7.5,10,1,0,0,2.6,AIML,0,1,66,55,Startup,Startup,14.7
277,7.65,8,1,1,0,1.7,IoT,3,1,52,87,Government,Government,12.25
278,9.21,5,1,1,1,1.2,Mechanical,1,0,59,93,Startup,Startup,11.61
279,5.64,9,0,0,1,0.1,Cloud,5,2,53,53,Startup,Startup,7.44
280,8.62,14,0,0,1,1.9,AIML,2,3,63,80,Product,Product,16.02
281,8.38,9,0,0,1,0.6,Civil,4,2,41,65,Startup,Startup,11.18
282,5.65,9,0,0,0,0.0,Web,4,1,68,84,Government,Government,7.25
283,6.68,2,1,0,1,1.8,Cloud,4,3,62,74,Startup,Startup,9.08
284,6.88,2,0,1,0,1.3,Mechanical,3,0,84,66,Service,Service,8.28
285,9.34,7,1,1,1,1.0,AIML,3,2,41,71,Service,Service,12.14
286,7.47,10,1,1,0,2.4,IoT,1,2,42,91,Startup,Startup,14.27
287,6.9,13,0,1,0,1.9,IoT,1,2,74,53,Product,Product,13.9
288,9.14,7,0,0,1,2.8,Web,3,0,67,99,Government,Government,15.54
289,5.71,13,1,0,1,2.8,Cybersecurity,2,0,98,98,Government,Government,14.51
290,7.36,3,0,0,1,0.8,DataScience,0,3,51,74,Service,Service,8.16
291,7.2,7,1,0,1,2.9,Semiconductor,4,1,87,56,Product,Product,13.8
292,7.36,12,1,0,0,1.0,DataScience,5,3,85,68,Service,Service,12.16
293,8.04,8,0,1,0,0.7,IoT,5,2,50,51,Service,Service,10.64
294,5.36,4,1,0,0,0.4,DataScience,4,3,83,44,Startup,Startup,5.76
295,5.61,11,1,0,0,0.5,AIML,4,3,95,40,Government,Government,9.01
296,5.67,2,1,0,1,1.9,DataScience,0,3,82,82,Service,Service,8.27
297,5.87,15,1,0,0,1.0,AIML,2,2,43,75,Government,Government,11.87
298,9.3,12,0,1,0,1.4,Civil,1,1,69,57,Startup,Startup,14.9
299,8.2,1,1,1,0,0.5,Cybersecurity,1,2,88,73,Startup,Startup,7.6
300,5.92,13,0,1,0,0.1,Civil,0,1,49,78,Startup,Startup,9.32
301,5.81,13,0,0,0,0.8,Semiconductor,5,1,96,62,Service,Service,10.61
302,5.85,9,0,0,1,0.3,Civil,5,3,99,82,Product,Product,8.05
303,5.58,12,1,1,1,1.4,Civil,1,1,63,46,Government,Government,11.18
304,5.99,3,0,1,0,1.1,Core,1,0,95,97,Startup,Startup,7.39
305,7.42,7,0,0,1,2.1,Cloud,1,1,81,66,Startup,Startup,12.42
306,5.19,4,1,0,0,2.4,Civil,5,2,98,97,Government,Government,9.59
307,8.01,8,0,0,1,0.2,IoT,3,2,75,53,Startup,Startup,9.61
308,9.19,5,0,1,0,2.8,Semiconductor,5,2,48,87,Government,Government,14.79
309,5.29,14,1,0,1,0.8,Civil,2,0,62,44,Startup,Startup,10.49
310,8.87,8,1,1,0,2.2,Web,5,2,95,70,Startup,Startup,14.47
311,5.89,15,1,1,1,0.6,Cybersecurity,3,2,57,57,Product,Product,11.09
312,6.78,15,0,1,1,1.5,Semiconductor,3,2,46,83,Product,Product,13.78
313,7.97,13,0,0,1,1.1,AIML,3,2,60,90,Startup,Startup,13.37
314,7.22,4,0,0,0,2.2,Core,5,2,73,89,Service,Service,11.22
315,5.18,13,1,0,1,0.8,AIML,5,3,98,58,Government,Government,9.98
316,8.42,3,0,0,0,2.7,Cloud,0,3,94,96,Government,Government,13.02
317,7.46,14,1,1,0,1.6,Cybersecurity,1,0,87,44,Startup,Startup,14.26
318,5.51,1,0,0,1,1.3,AIML,5,0,44,60,Service,Service,6.51
319,7.56,14,0,1,0,0.7,Civil,3,2,84,92,Service,Service,12.56
320,6.29,14,1,1,1,1.1,Core,2,3,88,77,Product,Product,12.09
321,5.1,4,1,0,0,1.0,Mechanical,0,0,81,94,Service,Service,6.7
322,6.01,9,1,1,1,1.0,Web,5,3,58,47,Government,Government,9.61
323,5.57,9,0,0,1,2.7,AIML,3,3,85,87,Product,Product,12.57
324,7.85,9,0,1,0,2.0,DataScience,4,3,85,52,Service,Service,13.45
325,8.79,9,0,1,1,1.5,Cloud,1,1,78,41,Product,Product,13.39
326,5.42,14,0,1,0,1.6,Web,4,0,58,70,Product,Product,12.22
327,7.82,12,1,0,1,2.2,Core,1,3,90,43,Government,Government,15.02
328,7.07,1,1,1,1,0.4,Cybersecurity,2,3,78,81,Product,Product,6.27
329,6.36,2,1,0,1,1.1,Cloud,2,3,68,88,Product,Product,7.36
330,8.1,15,1,1,1,1.7,IoT,5,3,73,73,Service,Service,15.5
331,6.71,7,0,0,0,3.0,IoT,2,2,80,80,Product,Product,13.51
332,7.91,7,1,0,0,0.7,Web,3,3,57,78,Product,Product,10.11
333,5.49,14,0,0,1,0.5,DataScience,3,3,42,54,Government,Government,10.09
334,6.18,8,0,1,0,0.5,AIML,1,2,96,88,Startup,Startup,8.38
335,5.9,12,0,0,1,0.9,Civil,5,3,83,83,Government,Government,10.5
336,5.83,15,1,1,1,2.7,Cybersecurity,4,2,42,55,Product,Product,15.23
337,5.39,1,1,0,1,1.6,Web,2,2,92,41,Product,Product,6.99
338,6.97,13,1,1,1,2.9,Cybersecurity,1,3,79,63,Startup,Startup,15.97
339,5.54,7,1,1,1,1.2,Core,5,1,99,76,Startup,Startup,8.74
340,9.65,15,0,0,0,2.6,DataScience,1,0,86,95,Service,Service,18.85
341,8.92,9,1,0,1,0.8,Civil,0,3,71,72,Service,Service,12.12
342,5.82,3,1,1,1,2.0,Web,1,1,42,86,Product,Product,9.02
343,9.46,9,0,0,0,1.7,Cloud,1,3,41,49,Startup,Startup,14.46
344,7.74,13,0,0,0,0.8,Core,0,0,52,47,Service,Service,12.54
345,8.69,3,1,1,0,0.6,Cloud,3,1,81,63,Startup,Startup,9.09
346,6.55,4,0,1,0,1.3,IoT,2,1,95,61,Service,Service,8.75
347,7.44,13,0,0,1,0.7,Semiconductor,3,2,98,68,Government,Government,12.04
348,5.55,3,0,1,1,1.8,AIML,0,0,48,68,Service,Service,8.35
349,6.39,3,1,0,1,1.7,Web,0,2,91,47,Product,Product,8.99
350,5.74,14,0,0,1,1.4,AIML,1,0,81,88,Government,Government,12.14
351,7.56,2,0,0,1,0.2,Civil,2,3,69,85,Service,Service,6.76
352,6.62,10,1,1,1,0.4,Civil,2,3,90,73,Product,Product,9.42
353,5.3,3,0,1,0,3.0,IoT,3,0,84,40,Service,Service,10.5
354,6.55,14,1,0,0,2.4,Civil,1,3,62,88,Service,Service,14.95
355,6.22,15,1,1,1,2.0,DataScience,2,3,74,83,Service,Service,14.22
356,8.65,15,0,1,1,1.8,Web,2,3,98,65,Service,Service,16.25
357,7.26,4,1,0,0,1.2,Web,3,1,46,48,Product,Product,9.26
358,6.67,3,1,0,1,2.8,Mechanical,3,3,54,98,Service,Service,11.47
359,8.99,12,1,0,1,2.9,Semiconductor,5,2,73,51,Startup,Startup,17.59
360,5.6,4,0,0,0,2.2,Core,2,2,75,44,Service,Service,9.6
361,9.5,4,0,1,1,0.5,Civil,5,0,66,43,Startup,Startup,10.1
362,5.32,4,1,1,1,2.2,IoT,4,1,56,68,Product,Product,9.32
363,7.76,13,1,1,1,2.5,Cloud,2,3,49,59,Product,Product,15.96
364,5.67,11,0,0,1,2.4,DataScience,1,3,57,94,Service,Service,12.87
365,5.97,5,0,0,1,0.5,Web,3,0,98,79,Product,Product,6.97
366,5.79,14,0,0,1,2.4,Civil,0,2,90,75,Product,Product,14.19
367,8.19,6,0,0,1,1.6,Web,3,0,44,98,Startup,Startup,11.79
368,6.72,6,0,1,0,2.6,Semiconductor,3,3,92,86,Service,Service,12.32
369,6.88,9,0,1,0,2.4,Core,5,2,73,81,Service,Service,13.28
370,7.11,10,1,0,1,1.1,Cybersecurity,1,1,100,88,Service,Service,11.31
371,7.22,6,1,0,1,0.9,Cloud,1,0,52,93,Government,Government,9.42
372,8.59,15,0,1,1,1.5,IoT,4,1,56,88,Product,Product,15.59
373,6.11,7,1,0,0,2.7,AIML,5,0,78,62,Government,Government,12.31
374,6.84,3,0,1,0,1.6,Mechanical,3,2,46,86,Startup,Startup,9.24
375,9.35,3,0,1,0,1.9,AIML,1,0,55,84,Government,Government,12.35
376,5.56,9,0,0,1,2.8,Semiconductor,5,2,85,97,Startup,Startup,12.76
377,8.01,10,0,1,0,1.0,Web,2,3,64,81,Government,Government,12.01
378,5.67,9,0,1,0,2.4,AIML,2,3,80,63,Service,Service,12.07
379,7.98,5,1,0,1,1.6,Web,4,0,52,82,Product,Product,11.18
380,9.29,14,1,1,1,2.4,DataScience,0,1,100,50,Product,Product,17.69
381,5.73,15,0,0,1,0.9,Civil,5,1,97,65,Startup,Startup,11.53
382,6.19,11,1,1,0,2.2,Cloud,4,2,91,49,Government,Government,12.99
383,5.16,13,1,0,0,1.7,AIML,3,2,50,64,Startup,Startup,11.76
384,8.66,14,1,0,0,2.6,Civil,4,1,60,52,Startup,Startup,17.46
385,6.64,13,1,1,1,2.5,Web,2,1,46,49,Government,Government,14.84
386,5.53,13,0,1,1,2.5,Semiconductor,4,0,79,93,Government,Government,13.73
387,5.61,15,0,0,1,1.2,Mechanical,2,2,53,52,Service,Service,12.01
388,8.83,4,1,1,0,0.4,DataScience,2,0,79,45,Product,Product,9.23
389,6.1,13,1,1,1,2.2,IoT,0,3,94,100,Government,Government,13.7
390,8.46,14,1,1,1,1.9,AIML,1,1,44,64,Government,Government,15.86
391,8.33,9,1,1,0,1.6,Core,1,0,44,50,Government,Government,13.13
392,6.21,6,0,1,0,1.0,Web,0,2,79,86,Startup,Startup,8.61
393,5.87,6,1,1,1,2.7,Civil,5,0,89,72,Product,Product,11.67
394,7.8,3,0,0,0,1.2,Cloud,2,0,53,49,Product,Product,9.4
395,7.22,10,1,0,1,2.8,Cybersecurity,0,2,82,66,Service,Service,14.82
396,5.74,8,0,1,0,1.8,AIML,4,3,49,55,Government,Government,10.54
397,7.43,2,0,1,0,1.8,AIML,5,3,51,95,Government,Government,9.83
398,5.09,15,1,1,1,2.6,Cybersecurity,1,2,46,88,Service,Service,14.29
399,9.47,15,1,1,1,1.7,Semiconductor,0,1,60,55,Startup,Startup,16.87
400,8.34,11,1,1,1,2.8,Cybersecurity,5,2,100,44,Startup,Startup,16.34
401,8.39,5,0,1,0,0.5,IoT,1,1,66,47,Product,Product,9.39
402,7.77,4,0,0,0,1.8,Mechanical,2,3,45,88,Government,Government,10.97
403,7.04,3,1,1,1,2.2,Cybersecurity,4,3,62,66,Service,Service,10.64
404,9.48,4,1,1,1,2.8,IoT,3,0,66,73,Government,Government,14.68
405,7.16,3,0,1,0,0.3,IoT,3,3,65,86,Service,Service,6.96
406,9.73,14,0,0,0,2.5,DataScience,2,0,85,44,Government,Government,18.33
407,5.6,8,1,0,1,2.8,Cybersecurity,5,0,52,66,Service,Service,12.4
408,9.18,7,1,1,0,1.6,Cybersecurity,1,2,70,45,Service,Service,13.18
409,7.84,13,1,0,1,1.2,Civil,3,3,61,44,Service,Service,13.44
410,5.26,3,1,1,0,1.0,Cybersecurity,5,1,62,77,Service,Service,6.46
411,8.85,14,0,0,1,0.0,Cybersecurity,3,2,83,67,Startup,Startup,12.45
412,6.6,7,0,0,1,1.2,Cloud,2,0,51,44,Government,Government,9.8
413,7.58,11,0,1,0,2.8,Semiconductor,3,1,89,62,Product,Product,15.58
414,6.66,8,0,0,0,1.0,AIML,5,3,91,56,Startup,Startup,9.86
415,8.54,9,1,1,1,1.4,Cybersecurity,2,2,64,49,Government,Government,12.94
416,6.08,6,1,1,0,1.4,DataScience,4,3,71,94,Product,Product,9.28
417,5.68,8,1,1,0,0.5,Cybersecurity,3,3,92,73,Product,Product,7.88
418,7.39,8,0,1,0,1.3,Web,5,1,46,92,Government,Government,11.19
419,9.39,1,1,0,1,1.1,DataScience,2,1,93,93,Startup,Startup,9.99
420,7.79,2,0,1,0,1.9,Cybersecurity,5,2,59,87,Startup,Startup,10.39
421,5.06,6,0,1,0,2.0,Civil,2,3,55,89,Service,Service,9.46
422,5.85,1,0,1,1,2.9,AIML,4,0,94,92,Service,Service,10.05
423,5.71,14,1,1,1,1.2,Cybersecurity,0,1,53,85,Startup,Startup,11.71
424,5.41,8,0,1,0,3.0,Cybersecurity,3,1,47,67,Service,Service,12.61
425,7.41,11,0,1,0,1.8,AIML,0,3,56,71,Government,Government,13.41
426,5.32,7,1,0,0,2.2,IoT,5,3,89,58,Service,Service,10.52
427,6.01,14,0,1,0,2.7,DataScience,5,3,43,48,Startup,Startup,15.01
428,5.98,9,1,0,0,0.6,Cloud,3,0,93,85,Government,Government,8.78
429,5.18,15,1,0,0,1.4,Cybersecurity,5,0,43,76,Government,Government,11.98
430,7.71,12,1,0,0,0.2,Cybersecurity,5,2,87,83,Startup,Startup,10.91
431,8.72,13,1,1,0,1.4,Semiconductor,3,1,61,85,Startup,Startup,14.72
432,7.52,9,0,1,1,1.3,Cybersecurity,1,0,88,91,Product,Product,11.72
433,6.92,15,0,0,0,1.7,AIML,0,2,68,100,Product,Product,14.32
434,5.75,13,1,0,1,0.5,Cloud,4,0,84,58,Startup,Startup,9.95
435,9.14,2,0,1,0,2.8,Civil,4,0,92,79,Government,Government,13.54
436,6.79,11,0,0,1,0.8,Mechanical,2,1,91,51,Product,Product,10.79
437,8.09,9,1,1,0,1.2,Web,3,3,44,52,Service,Service,12.09
438,5.12,2,0,1,0,0.5,IoT,0,2,81,73,Startup,Startup,4.92
439,8.44,11,0,1,0,2.0,DataScience,3,0,49,47,Service,Service,14.84
440,5.13,7,0,0,1,0.7,Semiconductor,4,0,71,45,Product,Product,7.33
441,6.11,2,0,0,0,2.0,Semiconductor,0,1,68,59,Startup,Startup,8.91
442,5.09,6,1,0,1,0.3,Web,2,1,74,41,Startup,Startup,6.09
443,8.84,15,0,1,0,0.5,Cybersecurity,0,1,50,48,Government,Government,13.84
444,8.13,1,0,1,1,0.7,Cloud,1,2,64,69,Government,Government,7.93
445,5.48,12,1,0,0,0.7,Cybersecurity,2,1,78,81,Product,Product,9.68
446,8.47,10,1,0,1,2.6,Mechanical,3,1,90,75,Service,Service,15.67
447,8.99,4,0,1,1,1.2,Web,3,3,45,81,Startup,Startup,10.99
448,8.21,8,1,0,0,0.6,Cloud,0,0,98,46,Service,Service,10.61
449,6.41,5,0,0,0,2.7,Core,3,3,69,46,Startup,Startup,11.81
450,5.06,10,1,0,1,0.3,Cloud,4,2,68,65,Government,Government,7.66
451,6.0,3,1,0,0,0.1,Civil,2,0,63,51,Product,Product,5.4
452,5.87,1,0,1,0,1.7,AIML,3,3,96,72,Government,Government,7.67
453,7.02,8,1,1,0,2.7,DataScience,2,0,50,70,Product,Product,13.62
454,8.92,11,0,0,0,1.0,Web,2,3,55,93,Government,Government,13.32
455,6.25,6,0,1,1,1.1,Civil,3,1,55,87,Product,Product,8.85
456,7.83,13,0,0,0,0.8,AIML,3,1,98,89,Government,Government,12.63
457,8.0,7,1,0,1,1.2,Cybersecurity,3,0,84,40,Startup,Startup,11.2
458,7.65,2,0,1,0,1.3,Mechanical,3,3,66,65,Government,Government,9.05
459,6.41,12,0,0,0,2.8,Web,0,2,94,57,Service,Service,14.81
460,8.67,13,0,1,1,0.4,Web,4,0,45,82,Service,Service,12.67
461,9.17,1,0,1,0,1.5,AIML,5,3,63,50,Startup,Startup,10.57
462,9.29,14,0,1,0,2.4,DataScience,2,0,92,44,Product,Product,17.69
463,7.04,10,1,1,1,0.1,Mechanical,4,1,96,90,Service,Service,9.24
464,6.29,1,1,0,0,1.6,Web,4,1,94,41,Service,Service,7.89
465,8.04,3,1,0,0,0.8,Cybersecurity,0,2,86,84,Product,Product,8.84
466,5.67,8,1,0,1,2.5,AIML,2,3,48,47,Product,Product,11.87
467,9.73,15,1,0,0,1.6,Web,2,0,82,60,Service,Service,16.93
468,5.82,5,0,0,1,0.8,Mechanical,2,2,80,66,Startup,Startup,7.42
469,5.09,13,1,0,1,2.7,Mechanical,1,3,66,99,Government,Government,13.69
470,5.57,7,1,1,1,1.7,Core,4,1,49,73,Government,Government,9.77
471,6.32,13,0,0,1,1.7,Mechanical,1,1,62,97,Product,Product,12.92
472,8.13,9,1,1,1,2.5,DataScience,3,2,46,51,Government,Government,14.73
473,5.99,11,0,1,0,0.0,Semiconductor,0,2,47,73,Government,Government,8.39
474,5.66,6,1,1,1,2.7,Civil,1,1,71,43,Startup,Startup,11.46
475,9.19,6,1,1,1,1.8,Semiconductor,1,2,42,48,Product,Product,13.19
476,7.88,1,1,1,1,2.0,AIML,5,0,41,77,Government,Government,10.28
477,5.84,4,1,0,1,2.7,Civil,1,3,75,78,Product,Product,10.84
478,7.01,7,1,0,1,1.1,DataScience,2,3,63,43,Startup,Startup,10.01
479,7.49,15,1,0,1,0.1,Cloud,5,3,79,42,Service,Service,11.69
480,5.8,6,0,0,1,2.2,Core,0,2,43,85,Service,Service,10.6
481,5.4,14,1,1,0,1.8,Mechanical,2,3,65,70,Startup,Startup,12.6
482,6.18,15,0,0,0,1.2,Core,4,0,59,82,Startup,Startup,12.58
483,6.39,3,0,1,0,1.1,IoT,0,2,62,67,Government,Government,7.79
484,8.45,12,1,1,0,0.9,Web,3,1,87,54,Product,Product,13.05
485,7.72,5,0,0,1,1.4,Web,2,0,88,53,Product,Product,10.52
486,8.19,12,1,1,1,2.8,Cloud,0,1,93,75,Startup,Startup,16.59
487,8.52,4,1,1,1,0.6,Mechanical,0,1,78,48,Product,Product,9.32
488,5.15,12,1,0,1,0.8,Cloud,1,2,51,74,Startup,Startup,9.55
489,7.86,15,0,0,0,0.2,IoT,2,0,48,70,Service,Service,12.26
490,7.38,12,0,1,0,1.8,Mechanical,5,2,96,100,Product,Product,13.78
491,6.6,6,0,1,0,2.3,Semiconductor,3,1,68,47,Startup,Startup,11.6
492,5.51,7,0,0,0,0.2,Cybersecurity,3,1,56,85,Product,Product,6.71
493,8.5,1,0,0,1,1.5,Cybersecurity,4,3,47,44,Government,Government,9.9
494,8.3,9,1,1,1,1.3,AIML,3,2,64,88,Government,Government,12.5
495,6.18,14,0,1,1,2.5,Civil,0,1,99,61,Startup,Startup,14.78
496,8.84,9,0,0,0,2.1,Civil,5,1,90,93,Product,Product,14.64
497,6.31,11,0,1,0,1.8,Civil,4,0,42,80,Government,Government,12.31
498,6.73,8,1,1,1,0.3,AIML,0,0,93,41,Startup,Startup,8.53
499,9.4,4,0,0,0,0.4,Cloud,2,2,43,79,Startup,Startup,9.8
500,9.56,4,1,0,0,1.3,Cybersecurity,4,3,98,46,Startup,Startup,11.76
501,5.89,2,0,0,1,1.6,Web,5,0,76,61,Startup,Startup,7.89
502,9.19,15,1,1,1,2.2,Mechanical,0,3,90,77,Product,Product,17.59
503,8.87,2,1,0,0,2.0,Cloud,4,0,57,44,Startup,Startup,11.67
504,8.32,15,0,1,1,2.5,Core,2,3,95,76,Product,Product,17.32
505,6.2,3,1,0,0,1.5,Civil,1,0,84,100,Government,Government,8.4
506,6.06,9,0,1,1,3.0,Core,1,0,75,84,Startup,Startup,13.66
507,9.53,4,0,0,1,0.1,Semiconductor,1,1,60,57,Service,Service,9.33
508,8.39,10,1,1,0,2.8,IoT,4,3,45,40,Service,Service,15.99
509,5.87,14,0,1,0,1.7,Mechanical,1,2,45,60,Startup,Startup,12.87
510,9.39,10,1,1,1,0.1,Mechanical,0,1,76,84,Product,Product,11.59
511,8.35,2,1,0,0,0.9,Semiconductor,5,3,55,76,Startup,Startup,8.95
512,9.44,2,1,0,0,2.9,Cloud,2,0,89,91,Government,Government,14.04
513,9.53,4,0,0,1,1.4,AIML,0,2,87,43,Startup,Startup,11.93
514,9.14,14,1,1,1,2.5,Cybersecurity,5,3,53,93,Startup,Startup,17.74
515,6.53,1,0,0,1,2.5,Civil,1,3,96,95,Government,Government,9.93
516,5.18,3,1,1,1,1.8,IoT,1,0,99,94,Service,Service,7.98
517,6.1,4,0,1,0,0.4,DataScience,1,1,50,97,Startup,Startup,6.5
518,5.37,10,0,1,0,2.1,Civil,3,0,76,98,Startup,Startup,11.57
519,6.63,14,1,0,1,2.2,Mechanical,5,0,99,69,Product,Product,14.63
520,5.31,1,1,0,1,0.9,Mechanical,4,0,62,67,Government,Government,5.51
521,7.59,3,1,0,0,2.4,DataScience,5,0,76,93,Startup,Startup,11.59
522,6.53,8,1,1,0,1.9,Cybersecurity,5,3,77,75,Startup,Startup,11.53
523,9.25,5,0,1,0,1.8,DataScience,2,0,44,52,Service,Service,12.85
524,6.12,11,0,0,1,0.1,Web,5,1,58,61,Product,Product,8.72
525,9.18,10,1,0,1,0.1,AIML,0,0,70,45,Product,Product,11.38
526,9.2,3,0,0,0,1.6,IoT,2,2,60,72,Government,Government,11.6
527,9.51,2,1,0,0,2.4,Semiconductor,3,2,77,98,Product,Product,13.11
528,9.79,13,0,1,0,1.1,Semiconductor,0,2,75,46,Government,Government,15.19
529,8.68,3,0,1,1,1.2,Mechanical,5,2,58,95,Product,Product,10.28
530,7.3,10,1,1,1,1.9,Mechanical,4,2,96,89,Product,Product,13.1
531,9.19,8,1,0,0,3.0,Web,4,2,73,68,Product,Product,16.39
532,8.69,9,1,0,0,1.3,Semiconductor,3,0,80,63,Startup,Startup,12.89
533,7.02,14,1,0,0,2.2,Cybersecurity,5,2,82,56,Startup,Startup,15.02
534,6.15,11,0,0,0,0.3,Cloud,1,2,42,100,Startup,Startup,9.15
535,6.7,12,1,1,0,0.9,Cybersecurity,3,1,90,50,Government,Government,11.3
536,6.42,8,0,1,0,0.7,IoT,2,2,44,72,Product,Product,9.02
537,5.2,5,0,0,0,0.1,IoT,5,0,82,70,Service,Service,5.4
538,9.74,14,0,0,0,1.3,Civil,1,1,77,95,Product,Product,15.94
539,6.84,8,0,1,0,2.0,Cybersecurity,2,2,88,51,Service,Service,12.04
540,6.05,8,1,0,1,2.8,Cloud,1,1,42,98,Government,Government,12.85
541,8.77,10,0,0,1,0.3,Cloud,0,0,93,88,Startup,Startup,11.37
542,7.0,2,1,1,1,2.6,DataScience,0,0,75,48,Service,Service,11.0
543,9.53,15,1,1,1,1.4,Cloud,0,2,40,79,Service,Service,16.33
544,7.94,2,1,1,1,0.5,AIML,5,0,66,59,Service,Service,7.74
545,9.76,1,1,0,0,0.7,DataScience,4,1,99,56,Government,Government,9.56
546,9.53,3,1,1,0,1.9,Cloud,2,3,90,77,Startup,Startup,12.53
547,7.92,14,0,1,1,1.5,Cloud,2,3,68,51,Service,Service,14.52
548,6.11,5,1,0,1,0.5,IoT,0,1,49,62,Product,Product,7.11
549,6.06,13,1,1,1,0.6,Civil,4,3,82,95,Product,Product,10.46
550,8.74,3,1,0,0,1.1,Core,2,1,58,52,Product,Product,10.14
551,5.28,11,0,1,1,2.9,IoT,1,1,84,72,Product,Product,13.48
552,9.24,14,1,1,0,2.8,DataScience,5,1,69,61,Service,Service,18.44
553,9.78,8,1,1,0,0.5,Cybersecurity,1,2,58,64,Product,Product,11.98
554,6.9,12,0,0,1,2.3,Cybersecurity,5,3,52,70,Government,Government,14.3
555,8.34,10,0,1,0,0.5,Mechanical,1,2,90,93,Service,Service,11.34
556,8.92,2,0,0,0,0.7,Core,3,3,71,67,Product,Product,9.12
557,6.07,2,0,1,1,1.6,Cybersecurity,3,2,85,88,Product,Product,8.07
558,7.85,15,0,1,1,1.7,Web,4,2,40,62,Government,Government,15.25
559,5.44,15,0,0,1,2.6,DataScience,0,2,65,95,Startup,Startup,14.64
560,6.27,7,1,1,0,0.4,Web,3,1,65,77,Government,Government,7.87
561,9.27,8,1,1,1,2.9,Cloud,3,1,49,40,Government,Government,16.27
562,9.14,11,1,0,0,2.4,Semiconductor,4,2,46,61,Service,Service,16.34
563,8.15,14,1,1,0,1.7,Semiconductor,4,0,98,75,Product,Product,15.15
564,5.42,15,1,1,0,1.2,Civil,5,0,42,96,Startup,Startup,11.82
565,6.79,6,1,1,1,0.8,Civil,4,3,83,86,Service,Service,8.79
566,8.47,7,0,0,0,1.5,Mechanical,4,2,68,85,Startup,Startup,12.27
567,5.39,11,0,0,0,0.7,AIML,2,0,49,85,Service,Service,9.19
568,8.28,6,0,1,1,0.2,Mechanical,4,2,52,82,Startup,Startup,9.08
569,9.09,13,0,1,0,1.5,Core,0,0,69,62,Service,Service,15.29
570,7.31,10,1,1,0,1.8,DataScience,1,0,67,88,Government,Government,12.91
571,8.96,13,1,1,0,1.0,Semiconductor,0,3,61,53,Startup,Startup,14.16
572,8.25,15,1,0,1,1.7,Semiconductor,2,2,54,82,Startup,Startup,15.65
573,6.28,13,1,0,1,2.6,Mechanical,5,3,81,53,Product,Product,14.68
574,8.83,4,1,0,0,2.0,Core,0,2,89,99,Service,Service,12.43
575,9.08,7,1,0,0,2.6,Cybersecurity,3,0,59,94,Product,Product,15.08
576,8.4,11,0,1,1,2.5,Web,0,1,60,63,Startup,Startup,15.8
577,8.35,11,0,0,1,2.0,IoT,5,2,95,62,Government,Government,14.75
578,7.97,6,1,0,1,2.3,DataScience,1,1,84,68,Service,Service,12.97
579,5.76,3,0,1,1,2.6,Web,0,2,55,74,Service,Service,10.16
580,9.18,13,0,0,0,0.1,Civil,3,3,44,65,Government,Government,12.58
581,8.96,14,1,0,1,0.4,Core,2,3,48,81,Startup,Startup,13.36
582,6.61,9,0,1,1,2.2,Web,2,3,60,57,Startup,Startup,12.61
583,5.77,8,0,1,1,2.5,Mechanical,3,3,84,55,Government,Government,11.97
584,8.99,14,1,0,1,1.5,Civil,5,3,99,51,Product,Product,15.59
585,5.03,7,1,0,0,0.9,Cybersecurity,4,3,45,68,Startup,Startup,7.63
586,7.96,8,0,0,1,2.9,Civil,4,3,77,95,Service,Service,14.96
587,8.03,12,1,0,1,0.8,Cloud,5,2,93,53,Service,Service,12.43
588,8.04,11,1,0,0,1.6,Cloud,3,2,95,92,Government,Government,13.64
589,8.74,12,1,1,0,0.3,Mechanical,4,2,77,87,Startup,Startup,12.14
590,8.65,12,1,0,0,1.6,IoT,2,3,97,68,Government,Government,14.65
591,9.62,6,0,0,1,1.0,Semiconductor,3,3,93,69,Product,Product,12.02
592,8.04,9,1,0,0,2.8,Cloud,3,0,78,75,Startup,Startup,15.24
593,5.49,9,1,0,0,2.8,Mechanical,2,0,64,92,Startup,Startup,12.69
594,8.3,5,0,1,1,0.2,DataScience,5,1,99,89,Startup,Startup,8.7
595,6.44,1,1,0,0,2.1,Civil,2,3,58,62,Government,Government,9.04
596,5.32,10,0,1,0,1.7,Semiconductor,1,2,57,90,Startup,Startup,10.72
597,6.66,3,0,1,0,1.9,Web,4,2,57,47,Service,Service,9.66
598,5.22,4,1,0,0,2.6,DataScience,2,1,75,53,Service,Service,10.02
599,9.67,9,1,0,0,2.9,Civil,0,3,76,60,Product,Product,17.07
600,8.6,1,0,1,0,0.4,Web,1,1,62,90,Government,Government,7.8
601,8.64,12,0,1,0,0.1,AIML,5,3,98,52,Government,Government,11.64
602,5.11,2,1,1,1,1.0,Web,4,1,94,47,Product,Product,5.91
603,7.35,10,1,1,1,2.3,Mechanical,2,2,41,53,Government,Government,13.95
604,8.28,2,1,0,0,1.3,IoT,2,3,53,51,Product,Product,9.68
605,6.31,1,0,1,1,3.0,Web,2,0,45,55,Startup,Startup,10.71
606,7.05,15,1,0,0,1.4,IoT,1,0,81,52,Startup,Startup,13.85
607,5.79,13,1,0,1,2.4,Semiconductor,2,2,48,85,Service,Service,13.79
608,8.33,1,1,0,1,0.7,Web,2,0,64,43,Product,Product,8.13
609,5.4,3,1,0,1,2.0,AIML,2,0,82,50,Government,Government,8.6
610,8.14,9,0,1,0,0.8,Core,4,1,57,82,Product,Product,11.34
611,9.56,4,1,1,1,0.5,IoT,2,3,60,51,Startup,Startup,10.16
612,7.08,2,0,0,0,2.8,Web,4,2,99,77,Government,Government,11.48
613,7.01,3,0,0,0,1.9,DataScience,4,0,100,52,Government,Government,10.01
614,6.91,5,0,1,1,0.8,Core,1,3,99,69,Service,Service,8.51
615,9.72,2,1,0,0,1.2,IoT,3,3,82,91,Government,Government,10.92
616,9.29,10,0,1,0,0.7,AIML,0,3,95,54,Product,Product,12.69
617,6.02,12,1,1,0,0.1,Civil,1,0,56,72,Product,Product,9.02
618,8.13,9,0,0,0,1.1,Core,2,0,71,92,Product,Product,11.93
619,9.15,4,1,1,0,1.4,Mechanical,2,2,42,93,Startup,Startup,11.55
620,9.65,1,1,0,1,0.6,Mechanical,5,1,49,65,Product,Product,9.25
621,9.17,5,0,1,0,2.3,Web,1,2,92,54,Product,Product,13.77
622,8.7,4,0,1,0,2.5,Mechanical,2,0,43,40,Startup,Startup,13.3
623,8.65,1,1,0,0,1.9,Cloud,3,0,67,66,Government,Government,10.85
624,5.63,14,1,0,1,0.1,Mechanical,1,0,71,93,Product,Product,9.43
625,9.42,3,1,0,0,1.8,Cybersecurity,3,3,58,73,Startup,Startup,12.22
626,8.82,10,1,1,1,1.4,Civil,1,0,69,76,Service,Service,13.62
627,5.56,14,0,1,1,0.4,Semiconductor,1,3,76,77,Product,Product,9.96
628,8.29,13,1,0,0,1.3,Cybersecurity,0,1,42,98,Product,Product,14.09
629,5.96,11,1,0,0,1.5,AIML,3,2,44,89,Service,Service,11.36
630,5.31,5,0,0,1,1.7,DataScience,0,1,79,84,Service,Service,8.71
631,6.29,10,1,0,0,2.4,Cybersecurity,4,3,84,88,Product,Product,13.09
632,6.49,6,1,1,0,1.4,Cloud,0,2,41,60,Product,Product,9.69
633,5.06,10,1,1,1,0.2,AIML,2,1,93,58,Product,Product,7.46
634,6.88,1,0,1,1,1.4,Cybersecurity,0,0,81,71,Startup,Startup,8.08
635,7.88,6,1,1,1,0.9,Web,4,2,90,45,Government,Government,10.08
636,8.34,10,1,0,0,2.6,Core,0,1,64,48,Service,Service,15.54
637,8.74,11,1,1,0,0.1,Semiconductor,3,2,68,99,Product,Product,11.34
638,7.31,5,0,0,1,0.3,Cybersecurity,0,3,66,57,Service,Service,7.91
639,6.16,5,1,1,0,3.0,Cloud,3,2,66,49,Startup,Startup,12.16
640,5.68,3,0,1,1,1.5,Mechanical,2,3,73,96,Startup,Startup,7.88
641,7.97,8,1,1,0,2.1,Mechanical,0,0,71,97,Product,Product,13.37
642,7.69,10,1,1,1,0.0,Web,5,3,93,45,Government,Government,9.69
643,6.57,4,1,0,1,1.6,Cybersecurity,3,1,58,69,Service,Service,9.37
644,5.42,15,1,0,1,1.1,Semiconductor,1,1,52,49,Service,Service,11.62
645,5.16,10,0,0,1,0.2,Web,0,1,80,80,Government,Government,7.56
646,6.91,9,1,1,0,0.4,Cloud,2,2,99,91,Startup,Startup,9.31
647,7.72,7,1,0,1,2.1,DataScience,4,2,68,74,Startup,Startup,12.72
648,8.84,6,1,1,0,0.6,Core,3,0,97,67,Startup,Startup,10.44
649,5.8,13,0,1,1,0.3,Cloud,2,1,41,42,Government,Government,9.6
650,8.05,14,0,1,0,2.1,Web,4,1,61,90,Product,Product,15.85
651,5.15,11,1,1,0,2.8,Mechanical,2,0,63,78,Service,Service,13.15
652,5.25,15,0,0,1,1.6,DataScience,0,2,62,42,Service,Service,12.45
653,8.4,1,1,0,1,2.6,Semiconductor,2,1,58,77,Startup,Startup,12.0
654,8.43,5,0,0,0,2.4,DataScience,1,1,74,42,Service,Service,13.23
655,6.63,11,0,0,0,2.4,Web,0,0,91,58,Product,Product,13.83
656,5.38,10,0,0,1,2.7,Web,5,0,93,55,Service,Service,12.78
657,7.63,10,0,1,0,2.5,DataScience,0,0,88,45,Service,Service,14.63
658,7.17,10,0,0,0,1.9,Web,3,3,87,89,Product,Product,12.97
659,7.53,10,1,0,1,2.2,Mechanical,0,2,69,63,Product,Product,13.93
660,5.39,3,1,0,0,0.2,Cybersecurity,2,1,85,84,Service,Service,4.99
661,6.19,8,1,1,1,0.5,Cybersecurity,0,1,70,59,Startup,Startup,8.39
662,9.18,8,1,0,0,0.7,IoT,0,3,84,66,Startup,Startup,11.78
663,9.68,3,0,1,1,1.0,Cloud,1,1,68,77,Product,Product,10.88
664,5.87,13,0,1,1,2.4,Cloud,2,1,95,57,Service,Service,13.87
665,8.16,11,1,0,0,1.5,AIML,3,1,55,91,Startup,Startup,13.56
666,7.67,9,1,0,0,2.2,Cloud,4,1,92,50,Startup,Startup,13.67
667,6.1,7,0,1,0,3.0,AIML,3,3,41,71,Service,Service,12.9
668,9.68,5,1,0,0,2.0,Civil,4,1,50,46,Service,Service,13.68
669,5.96,8,0,0,0,2.0,Mechanical,0,0,72,82,Service,Service,11.16
670,5.35,8,1,0,1,0.1,Cloud,2,1,78,57,Startup,Startup,6.75
671,6.24,15,1,0,0,1.4,Cybersecurity,3,1,86,74,Startup,Startup,13.04
672,9.17,7,0,0,0,2.2,Civil,4,0,90,47,Government,Government,14.37
673,8.56,5,1,1,0,1.3,Semiconductor,2,2,77,80,Startup,Startup,11.16
674,6.66,14,0,1,1,1.1,Semiconductor,5,0,47,77,Startup,Startup,12.46
675,9.74,7,0,1,0,0.1,Mechanical,1,0,63,66,Product,Product,10.74
676,9.16,12,1,1,0,1.7,Cybersecurity,0,0,92,89,Government,Government,15.36
677,7.11,1,1,0,1,2.2,IoT,1,1,95,70,Product,Product,9.91
678,7.34,1,0,0,0,2.6,Civil,4,1,55,64,Startup,Startup,10.94
679,9.32,15,1,1,1,1.3,Core,0,1,77,53,Government,Government,15.92
680,6.33,13,0,1,0,1.8,Web,4,2,42,64,Service,Service,13.13
681,9.38,12,1,1,0,0.6,Web,2,0,71,97,Government,Government,13.38
682,7.99,11,1,1,1,1.9,Civil,4,1,61,97,Service,Service,14.19
683,8.52,8,1,0,0,0.4,Cybersecurity,5,2,52,41,Government,Government,10.52
684,8.44,15,0,1,1,2.7,Cloud,1,1,52,97,Service,Service,17.84
685,5.86,8,0,0,0,0.7,Civil,2,2,93,43,Service,Service,8.46
686,9.66,15,0,1,1,0.5,IoT,5,0,88,98,Product,Product,14.66
687,9.1,6,1,0,1,1.5,IoT,3,1,72,57,Product,Product,12.5
688,6.19,4,1,1,0,2.6,DataScience,0,1,52,75,Product,Product,10.99
689,7.14,5,1,0,1,1.5,Cybersecurity,3,1,72,98,Government,Government,10.14
690,6.72,1,1,1,1,1.8,Cybersecurity,4,0,88,51,Product,Product,8.72
691,5.78,8,1,1,0,1.2,Web,3,3,48,77,Government,Government,9.38
692,9.65,6,0,1,1,0.8,Mechanical,0,3,52,60,Service,Service,11.65
693,8.15,3,0,0,0,1.0,Cybersecurity,3,2,60,86,Government,Government,9.35
694,8.71,3,0,1,0,0.4,Web,1,1,71,73,Startup,Startup,8.71
695,9.66,15,1,0,0,1.4,DataScience,2,3,72,54,Startup,Startup,16.46
696,6.13,10,1,1,1,0.2,Core,3,2,89,92,Product,Product,8.53
697,5.81,15,1,0,1,1.6,Core,5,0,82,67,Startup,Startup,13.01
698,6.62,4,1,0,0,2.5,AIML,5,3,76,44,Service,Service,11.22
699,7.07,13,1,0,1,0.7,DataScience,2,0,54,49,Product,Product,11.67
700,7.96,9,0,1,0,2.1,Web,4,2,78,61,Government,Government,13.76
701,5.8,13,0,0,0,0.5,Mechanical,1,3,81,98,Service,Service,10.0
702,5.18,13,1,1,0,2.2,Semiconductor,0,2,54,68,Service,Service,12.78
703,8.19,4,0,1,0,1.4,DataScience,1,3,57,65,Service,Service,10.59
704,9.05,4,1,1,0,2.4,IoT,5,3,65,74,Product,Product,13.45
705,7.81,15,0,0,1,2.6,IoT,0,0,79,56,Government,Government,17.01
706,5.99,9,1,1,1,0.3,AIML,3,1,92,72,Startup,Startup,8.19
707,6.29,4,1,1,1,0.2,Core,3,3,70,93,Product,Product,6.29
708,7.55,9,0,0,1,2.8,AIML,2,2,99,67,Service,Service,14.75
709,5.19,6,1,0,0,0.4,Web,2,3,44,80,Service,Service,6.39
710,7.17,5,0,0,1,2.8,Semiconductor,3,3,88,75,Startup,Startup,12.77
711,6.52,7,1,1,0,1.5,Mechanical,2,2,53,89,Startup,Startup,10.32
712,5.2,14,0,1,0,0.4,Cloud,2,3,68,94,Startup,Startup,9.6
713,9.74,8,0,0,0,2.9,Semiconductor,1,0,73,62,Product,Product,16.74
714,5.02,4,1,0,1,2.9,Civil,5,1,74,53,Government,Government,10.42
715,8.07,4,1,0,0,2.6,Civil,1,1,61,59,Service,Service,12.87
716,7.18,4,1,1,0,1.5,Cybersecurity,1,3,92,83,Product,Product,9.78
717,7.35,8,0,1,0,2.0,AIML,0,1,81,71,Government,Government,12.55
718,5.67,11,0,1,0,0.1,Semiconductor,3,1,54,52,Startup,Startup,8.27
719,6.48,2,0,0,0,2.1,Web,2,1,82,89,Product,Product,9.48
720,5.97,4,1,0,1,2.0,DataScience,4,0,79,92,Service,Service,9.57
721,9.66,14,1,1,0,0.3,DataScience,2,2,87,80,Government,Government,13.86
722,8.23,8,1,0,0,1.3,Mechanical,1,0,66,44,Government,Government,12.03
723,9.17,4,1,0,0,0.5,Civil,3,2,50,54,Startup,Startup,9.77
724,8.32,13,1,1,1,2.5,AIML,4,0,94,68,Service,Service,16.52
725,9.53,9,0,1,0,2.0,Cloud,5,0,68,94,Product,Product,15.13
726,7.39,9,1,1,1,1.9,Civil,2,1,63,43,Startup,Startup,12.79
727,9.17,13,0,0,1,1.7,Web,3,3,76,50,Product,Product,15.77
728,5.15,14,0,0,0,2.8,DataScience,4,3,69,63,Startup,Startup,14.35
729,8.31,7,1,1,0,2.0,AIML,0,1,55,56,Service,Service,13.11
730,6.04,2,1,1,0,2.0,Cybersecurity,4,3,56,48,Product,Product,8.84
731,6.89,8,0,1,1,2.0,Core,2,1,73,100,Product,Product,12.09
732,5.51,13,1,0,1,2.0,Mechanical,5,0,93,76,Product,Product,12.71
733,9.8,11,1,1,0,0.1,Core,1,1,84,56,Government,Government,12.4
734,9.69,4,1,1,1,1.2,DataScience,2,3,79,80,Product,Product,11.69
735,9.18,7,0,0,0,2.3,Semiconductor,1,0,91,88,Service,Service,14.58
736,7.72,12,0,1,1,2.2,Web,4,0,66,73,Service,Service,14.92
737,9.22,8,1,0,0,1.2,IoT,5,1,60,61,Government,Government,12.82
738,6.57,9,1,0,0,2.0,IoT,5,3,90,63,Startup,Startup,12.17
739,8.88,8,0,1,0,2.3,IoT,3,0,67,83,Service,Service,14.68
740,8.83,2,1,1,1,1.3,Semiconductor,1,2,45,82,Startup,Startup,10.23
741,8.93,9,1,1,1,0.4,Web,4,2,56,49,Product,Product,11.33
742,7.61,12,0,1,1,0.0,Civil,0,1,54,86,Startup,Startup,10.41
743,6.56,1,1,1,0,1.1,Mechanical,4,0,51,60,Service,Service,7.16
744,6.9,10,1,1,1,2.1,Core,2,0,97,96,Service,Service,13.1
745,6.87,14,1,0,0,1.3,DataScience,0,2,78,100,Startup,Startup,13.07
746,6.14,11,1,1,0,1.1,Semiconductor,5,0,51,90,Product,Product,10.74
747,6.09,7,1,1,1,0.2,IoT,1,2,72,81,Product,Product,7.29
748,7.9,11,0,1,1,2.0,Core,2,0,96,86,Government,Government,14.3
749,7.97,4,0,0,0,1.4,Cloud,1,1,89,100,Startup,Startup,10.37
750,6.82,10,0,0,0,2.6,IoT,5,1,84,77,Product,Product,14.02
751,7.49,8,1,0,0,1.4,Semiconductor,2,3,56,74,Service,Service,11.49
752,5.12,1,0,1,0,1.0,Web,4,2,78,74,Government,Government,5.52
753,6.82,9,1,0,1,1.2,AIML,5,2,70,80,Government,Government,10.82
754,7.78,12,0,1,1,1.6,DataScience,1,0,42,57,Service,Service,13.78
755,7.92,5,1,1,0,2.3,Mechanical,5,0,46,73,Government,Government,12.52
756,8.9,13,0,1,1,2.2,Cloud,3,0,64,96,Product,Product,16.5
757,9.59,13,0,1,0,0.1,Core,0,0,42,49,Product,Product,12.99
758,5.94,7,0,1,1,0.0,AIML,1,3,63,51,Service,Service,6.74
759,8.11,4,1,0,0,2.7,Cloud,1,3,99,50,Government,Government,13.11
760,6.17,4,0,0,0,2.8,Cloud,3,1,61,79,Government,Government,11.37
761,5.29,14,0,0,1,2.8,Cybersecurity,0,1,47,65,Service,Service,14.49
762,6.69,11,1,1,0,0.3,Semiconductor,0,2,82,85,Startup,Startup,9.69
763,7.33,15,0,1,0,0.8,Civil,5,1,85,97,Service,Service,12.93
764,6.37,3,1,0,1,0.9,AIML,3,0,72,70,Government,Government,7.37
765,8.85,6,1,0,1,1.6,Semiconductor,2,2,98,57,Government,Government,12.45
766,6.49,5,1,1,0,1.8,Semiconductor,4,1,85,78,Product,Product,10.09
767,8.44,11,0,0,1,0.8,DataScience,1,1,89,52,Government,Government,12.44
768,6.99,12,0,0,0,0.4,Cloud,4,3,69,73,Government,Government,10.59
769,5.87,9,0,1,1,2.0,AIML,4,1,61,76,Startup,Startup,11.47
770,5.87,15,0,0,1,1.6,Web,5,3,74,62,Product,Product,13.07
771,8.4,15,0,0,0,0.3,IoT,0,1,41,61,Government,Government,13.0
772,7.72,15,0,0,0,0.8,Semiconductor,0,3,48,93,Government,Government,13.32
773,9.62,15,0,1,1,1.5,Semiconductor,2,1,90,83,Government,Government,16.62
774,8.87,4,0,0,0,1.7,Web,1,1,75,81,Service,Service,11.87
775,5.21,13,0,0,1,1.9,IoT,1,0,47,73,Product,Product,12.21
776,9.57,2,0,1,1,1.8,DataScience,5,2,80,68,Government,Government,11.97
777,8.93,4,0,0,1,2.7,Web,3,0,54,95,Service,Service,13.93
778,6.09,13,1,1,0,0.6,Semiconductor,3,1,82,82,Startup,Startup,10.49
779,7.93,9,1,0,1,1.2,IoT,1,0,78,89,Product,Product,11.93
780,9.03,12,1,1,0,2.7,IoT,5,2,54,98,Government,Government,17.23
781,6.7,7,0,1,0,0.7,DataScience,5,1,58,52,Startup,Startup,8.9
782,8.75,11,0,1,1,0.8,Cybersecurity,2,2,70,59,Government,Government,12.75
783,8.95,2,0,1,1,1.3,Semiconductor,2,2,49,76,Government,Government,10.35
784,8.2,1,1,0,0,0.3,Cybersecurity,0,0,57,61,Startup,Startup,7.2
785,7.99,5,0,0,0,1.4,Core,1,2,100,70,Government,Government,10.79
786,7.82,8,1,0,0,0.5,Cloud,4,1,89,88,Product,Product,10.02
787,8.54,15,0,1,0,2.6,Cloud,5,0,63,82,Product,Product,17.74
788,6.04,12,0,1,0,0.3,IoT,0,2,62,43,Product,Product,9.44
789,5.11,2,1,0,1,1.9,DataScience,2,0,95,87,Startup,Startup,7.71
790,7.91,3,0,1,1,1.6,Civil,2,3,51,47,Government,Government,10.31
791,6.11,10,1,1,0,1.2,AIML,1,0,54,46,Product,Product,10.51
792,7.85,8,0,1,0,1.5,Mechanical,3,0,63,62,Service,Service,12.05
793,9.74,2,0,0,0,0.4,Cybersecurity,2,2,85,57,Startup,Startup,9.34
794,8.34,1,0,0,0,1.2,Core,3,2,79,97,Service,Service,9.14
795,7.06,1,1,1,1,2.2,Cybersecurity,5,2,47,49,Startup,Startup,9.86
796,8.32,15,0,1,1,3.0,Mechanical,1,2,95,84,Government,Government,18.32
797,5.62,12,0,1,1,0.3,Web,4,0,54,88,Startup,Startup,9.02
798,8.48,6,1,0,1,1.7,Core,1,0,82,75,Service,Service,12.28
799,6.32,11,0,0,1,0.2,Cybersecurity,5,3,90,45,Startup,Startup,9.12
800,5.41,13,1,1,0,2.7,AIML,4,3,83,70,Government,Government,14.01
801,5.92,1,1,1,0,1.0,Cloud,0,0,99,62,Service,Service,6.32
802,6.09,4,0,1,1,1.1,Core,2,2,44,59,Product,Product,7.89
803,5.33,4,1,0,0,1.6,DataScience,4,2,75,55,Product,Product,8.13
804,5.32,12,0,0,1,2.4,Cybersecurity,5,3,92,90,Startup,Startup,12.92
805,6.12,15,0,1,0,1.6,IoT,4,2,42,98,Government,Government,13.32
806,9.22,14,1,1,1,2.0,DataScience,4,2,87,97,Startup,Startup,16.82
807,7.56,4,1,0,0,1.0,Mechanical,3,3,86,78,Product,Product,9.16
808,6.6,6,0,1,1,2.0,Civil,0,1,44,74,Government,Government,11.0
809,9.77,8,1,0,0,2.0,Cybersecurity,2,2,53,93,Service,Service,14.97
810,7.68,14,1,0,1,2.2,IoT,1,2,43,43,Product,Product,15.68
811,7.23,9,1,1,0,0.2,DataScience,0,0,82,48,Startup,Startup,9.23
812,7.7,7,0,0,0,2.9,Mechanical,4,3,50,43,Service,Service,14.3
813,5.84,11,1,1,1,2.1,Semiconductor,4,1,98,96,Product,Product,12.44
814,5.96,7,0,1,0,1.6,AIML,3,2,48,60,Government,Government,9.96
815,5.46,10,0,0,1,1.4,Mechanical,3,2,60,51,Startup,Startup,10.26
816,8.63,11,0,1,0,1.0,Mechanical,0,2,55,97,Startup,Startup,13.03
817,8.19,13,0,0,1,2.4,AIML,1,0,96,98,Service,Service,16.19
818,9.45,2,0,1,1,0.7,Mechanical,0,0,83,53,Service,Service,9.65
819,6.92,15,1,1,0,0.5,IoT,5,1,65,47,Service,Service,11.92
820,9.76,9,1,1,0,2.8,Civil,0,3,58,51,Government,Government,16.96
821,7.59,3,1,1,1,2.5,Web,3,3,68,74,Service,Service,11.79
822,7.5,14,0,1,1,1.9,Civil,1,3,91,59,Government,Government,14.9
823,5.43,8,1,1,0,2.3,Semiconductor,3,0,49,68,Service,Service,11.23
824,5.61,6,0,1,0,2.5,Mechanical,0,2,69,83,Government,Government,11.01
825,8.75,7,0,0,1,2.1,AIML,3,0,46,100,Government,Government,13.75
826,5.17,7,0,1,1,0.9,Web,3,3,51,44,Government,Government,7.77
827,6.26,8,0,1,0,1.1,Cybersecurity,0,3,59,87,Startup,Startup,9.66
828,5.42,1,1,1,0,2.8,Cybersecurity,5,0,88,43,Service,Service,9.42
829,7.66,13,0,1,0,0.9,Semiconductor,1,1,60,76,Startup,Startup,12.66
830,6.91,7,0,0,1,1.3,Mechanical,3,2,98,40,Government,Government,10.31
831,7.88,7,1,0,1,1.5,Web,4,2,52,74,Service,Service,11.68
832,9.41,2,0,1,1,1.5,IoT,5,0,82,61,Product,Product,11.21
833,9.76,1,1,0,0,2.6,IoT,2,0,77,41,Startup,Startup,13.36
834,6.0,4,0,0,1,2.8,IoT,0,3,77,40,Government,Government,11.2
835,5.56,4,1,1,0,2.5,Cybersecurity,5,2,62,96,Product,Product,10.16
836,6.83,8,0,0,1,2.6,Civil,4,2,98,55,Startup,Startup,13.23
837,9.17,5,1,1,1,2.4,IoT,1,1,97,79,Service,Service,13.97
838,8.79,6,1,1,1,0.9,Mechanical,1,3,86,73,Service,Service,10.99
839,5.39,10,0,0,0,1.2,Semiconductor,3,2,70,56,Product,Product,9.79
840,5.83,4,0,1,0,2.1,Semiconductor,2,2,65,66,Government,Government,9.63
841,6.66,3,0,0,1,2.9,Web,5,3,65,98,Service,Service,11.66
842,8.08,2,1,1,1,2.5,Core,1,3,84,66,Government,Government,11.88
843,5.64,7,1,1,1,2.6,Semiconductor,4,2,99,55,Product,Product,11.64
844,9.43,3,0,1,1,1.5,AIML,5,0,75,63,Service,Service,11.63
845,7.91,13,1,1,1,2.3,Semiconductor,4,1,47,45,Startup,Startup,15.71
846,5.84,9,0,1,1,1.5,Mechanical,0,3,94,76,Service,Service,10.44
847,6.91,9,0,1,1,0.4,DataScience,5,2,43,65,Government,Government,9.31
848,6.76,12,1,0,0,0.2,IoT,4,0,81,44,Startup,Startup,9.96
849,5.12,12,1,0,1,0.4,IoT,2,1,91,80,Service,Service,8.72
850,9.62,2,0,0,1,1.6,AIML,1,2,74,79,Service,Service,11.62
851,9.64,13,0,1,1,1.3,Mechanical,4,1,42,89,Startup,Startup,15.44
852,6.5,14,0,0,1,1.5,Core,3,0,76,52,Startup,Startup,13.1
853,7.11,14,0,1,1,0.3,Web,2,0,62,85,Startup,Startup,11.31
854,8.08,15,0,1,0,0.6,Web,5,0,92,58,Government,Government,13.28
855,7.97,7,1,0,1,2.0,AIML,3,2,83,91,Startup,Startup,12.77
856,5.73,7,0,1,1,0.2,Civil,0,1,61,57,Startup,Startup,6.93
857,8.75,14,1,1,0,1.4,Core,4,2,45,60,Startup,Startup,15.15
858,5.28,3,0,1,0,3.0,DataScience,4,0,76,93,Startup,Startup,10.48
859,5.28,15,0,0,0,2.1,Civil,1,1,85,88,Service,Service,13.48
860,9.72,6,0,0,1,0.7,Cloud,3,2,54,54,Startup,Startup,11.52
861,5.68,5,1,0,1,0.4,Semiconductor,3,1,56,83,Product,Product,6.48
862,6.46,10,1,1,1,0.3,Cloud,0,0,56,51,Service,Service,9.06
863,8.32,2,0,1,0,0.2,Cloud,0,2,71,85,Service,Service,7.52
864,7.45,10,1,0,0,3.0,Web,2,3,44,62,Government,Government,15.45
865,8.91,14,1,0,0,1.8,Semiconductor,5,1,91,61,Startup,Startup,16.11
866,6.47,9,0,0,0,1.9,IoT,1,1,82,98,Product,Product,11.87
867,7.53,8,1,0,0,1.3,AIML,0,0,67,88,Service,Service,11.33
868,5.63,6,0,1,1,2.7,Web,5,2,92,74,Government,Government,11.43
869,7.16,1,1,0,0,0.6,Cybersecurity,1,1,68,65,Product,Product,6.76
870,6.77,1,1,1,0,1.2,Mechanical,5,1,75,84,Startup,Startup,7.57
871,8.97,13,0,0,0,2.2,Core,1,2,78,59,Product,Product,16.57
872,8.69,9,0,1,1,0.0,Semiconductor,0,3,98,95,Startup,Startup,10.29
873,7.0,4,1,0,0,1.4,Mechanical,4,1,99,98,Startup,Startup,9.4
874,5.09,13,0,1,0,0.8,Civil,0,0,69,57,Government,Government,9.89
875,8.65,14,1,1,0,0.4,Semiconductor,0,2,59,63,Product,Product,13.05
876,7.57,12,0,0,0,0.6,IoT,0,0,91,85,Service,Service,11.57
877,5.06,5,0,1,1,0.7,Web,4,1,45,50,Startup,Startup,6.46
878,9.68,1,0,1,0,2.4,Core,5,3,50,93,Service,Service,12.88
879,9.61,14,0,0,0,1.5,Semiconductor,5,1,80,56,Startup,Startup,16.21
880,5.53,6,0,1,1,1.6,Cybersecurity,3,1,43,97,Government,Government,9.13
881,7.18,4,1,1,0,2.5,IoT,4,2,48,87,Product,Product,11.78
882,5.47,11,1,0,1,1.5,Core,1,3,52,96,Government,Government,10.87
883,5.72,12,1,0,0,1.0,Semiconductor,2,1,58,65,Service,Service,10.52
884,8.54,7,1,0,0,1.4,IoT,0,2,69,45,Startup,Startup,12.14
885,6.8,1,1,1,1,1.2,Core,1,1,50,60,Product,Product,7.6
886,7.21,4,0,1,0,2.4,Core,4,2,87,67,Government,Government,11.61
887,9.28,11,1,1,1,2.9,Core,5,1,67,60,Product,Product,17.48
888,8.78,3,1,1,0,0.9,Web,1,1,60,53,Product,Product,9.78
889,8.3,10,0,0,1,1.3,IoT,5,3,97,71,Product,Product,12.9
890,6.22,11,0,0,0,2.5,Civil,5,2,96,74,Government,Government,13.62
891,5.18,15,0,1,0,2.7,DataScience,2,0,81,85,Product,Product,14.58
892,7.22,13,1,1,1,1.9,AIML,1,2,82,65,Product,Product,14.22
893,8.16,10,0,0,1,2.7,Core,5,1,52,54,Startup,Startup,15.56
894,8.06,14,0,1,1,1.8,Semiconductor,5,3,79,88,Government,Government,15.26
895,5.32,4,1,1,1,1.6,DataScience,1,2,51,55,Product,Product,8.12
896,5.72,12,0,0,1,2.2,Cloud,1,3,57,62,Startup,Startup,12.92
897,7.46,7,0,1,0,2.0,Web,3,0,73,74,Government,Government,12.26
898,5.2,4,0,0,0,0.3,Core,4,0,82,80,Startup,Startup,5.4
899,8.44,15,0,1,1,0.2,Semiconductor,2,1,78,73,Government,Government,12.84
900,5.34,14,0,1,0,0.0,Semiconductor,4,2,72,42,Service,Service,8.94
901,9.59,8,0,1,0,2.2,Core,2,1,45,49,Service,Service,15.19
902,6.7,15,1,1,1,0.9,Semiconductor,4,1,98,50,Service,Service,12.5
903,6.68,3,1,1,0,2.3,Civil,5,0,83,61,Startup,Startup,10.48
904,8.17,13,0,0,1,0.6,AIML,2,2,44,93,Government,Government,12.57
905,5.84,5,1,0,1,0.3,Cloud,3,3,88,97,Startup,Startup,6.44
906,8.17,10,0,1,0,2.3,Web,1,3,54,73,Product,Product,14.77
907,6.27,5,1,0,1,0.1,Web,2,0,56,59,Government,Government,6.47
908,5.39,14,0,0,0,2.9,AIML,3,3,82,58,Government,Government,14.79
909,6.42,9,0,1,1,2.3,Core,1,3,44,78,Government,Government,12.62
910,8.0,3,1,0,1,1.1,Mechanical,5,2,45,98,Product,Product,9.4
911,5.99,13,1,1,1,0.4,AIML,1,0,67,94,Government,Government,9.99
912,7.95,5,1,0,0,2.3,DataScience,2,3,60,100,Government,Government,12.55
913,8.09,5,0,1,0,1.6,IoT,2,1,59,70,Startup,Startup,11.29
914,5.2,1,1,1,1,2.9,IoT,0,1,45,49,Service,Service,9.4
915,8.83,6,1,0,0,0.9,Mechanical,4,2,70,69,Startup,Startup,11.03
916,9.7,14,0,1,0,1.8,AIML,4,0,40,95,Startup,Startup,16.9
917,7.8,12,0,1,1,2.2,Mechanical,5,0,54,83,Startup,Startup,15.0
918,8.9,2,1,1,0,2.0,Web,2,2,63,86,Product,Product,11.7
919,5.61,10,0,0,1,1.0,Cybersecurity,0,3,64,81,Product,Product,9.61
920,9.45,3,0,0,1,0.7,DataScience,3,1,83,59,Product,Product,10.05
921,6.79,9,1,0,1,1.3,Mechanical,1,0,67,48,Government,Government,10.99
922,7.11,5,1,1,1,1.8,DataScience,3,3,46,77,Service,Service,10.71
923,9.53,4,0,1,0,0.7,Web,2,0,75,93,Product,Product,10.53
924,5.58,6,0,1,1,0.6,Mechanical,0,1,63,78,Startup,Startup,7.18
925,9.26,13,0,1,0,1.9,AIML,4,1,92,92,Product,Product,16.26
926,6.37,5,0,0,0,2.4,Cloud,1,2,79,46,Government,Government,11.17
927,9.13,13,0,0,1,2.5,IoT,2,1,42,57,Product,Product,17.33
928,9.41,15,1,1,1,0.8,IoT,2,3,93,47,Startup,Startup,15.01
929,8.62,2,1,0,1,1.4,Civil,4,1,47,55,Government,Government,10.22
930,9.04,10,1,0,0,2.2,Core,3,1,74,87,Startup,Startup,15.44
931,8.73,8,0,0,0,2.0,Civil,2,0,72,63,Service,Service,13.93
932,5.85,2,1,1,1,1.6,AIML,5,3,67,97,Government,Government,7.85
933,9.73,10,0,1,0,2.8,AIML,5,2,85,51,Service,Service,17.33
934,5.21,4,0,1,0,0.5,Web,4,0,64,82,Product,Product,5.81
935,5.63,11,1,0,1,2.2,Cybersecurity,4,2,40,88,Government,Government,12.43
936,8.93,8,0,1,0,0.6,Semiconductor,2,2,86,100,Government,Government,11.33
937,7.43,3,0,1,0,2.5,Mechanical,4,1,49,51,Government,Government,11.63
938,8.52,7,1,1,1,1.6,DataScience,5,1,40,75,Service,Service,12.52
939,7.83,14,0,0,0,1.5,Mechanical,3,2,46,69,Startup,Startup,14.43
940,6.43,4,0,1,0,1.7,AIML,2,1,64,97,Product,Product,9.43
941,8.31,9,1,0,0,2.6,Civil,3,1,70,64,Product,Product,15.11
942,8.05,13,0,0,1,2.3,Core,3,0,98,81,Service,Service,15.85
943,5.77,9,0,1,1,1.4,IoT,4,1,47,57,Product,Product,10.17
944,5.04,2,1,1,1,0.7,Mechanical,4,2,93,93,Startup,Startup,5.24
945,8.49,2,0,0,0,3.0,Web,2,1,65,49,Government,Government,13.29
946,5.48,9,1,0,1,1.2,IoT,3,3,61,63,Product,Product,9.48
947,8.84,10,0,1,1,0.6,IoT,1,3,95,73,Government,Government,12.04
948,7.66,2,0,1,1,2.2,Cybersecurity,2,1,64,77,Government,Government,10.86
949,7.96,15,1,0,0,0.6,Core,3,3,93,77,Product,Product,13.16
950,6.71,9,1,1,1,2.4,Web,1,3,71,46,Startup,Startup,13.11
951,7.66,4,0,1,0,0.0,DataScience,0,3,92,78,Startup,Startup,7.26
952,8.65,15,1,1,1,0.1,Web,2,1,42,85,Service,Service,12.85
953,8.58,3,0,1,1,0.6,Cloud,1,1,100,94,Product,Product,8.98
954,9.6,10,0,1,1,1.1,Cloud,5,1,93,67,Government,Government,13.8
955,6.57,2,0,0,0,0.4,Cloud,2,2,47,93,Startup,Startup,6.17
956,6.47,8,0,1,0,2.6,Cybersecurity,2,3,93,58,Startup,Startup,12.87
957,9.78,5,1,1,1,1.1,IoT,2,1,76,83,Startup,Startup,11.98
958,7.15,3,1,0,0,2.2,Mechanical,2,1,70,44,Service,Service,10.75
959,9.25,11,1,1,0,1.8,Cybersecurity,1,0,73,97,Product,Product,15.25
960,6.88,4,1,1,1,1.2,IoT,2,1,59,93,Government,Government,8.88
961,8.34,1,1,0,1,0.0,Cloud,3,1,48,59,Startup,Startup,6.74
962,7.97,3,0,1,0,1.1,IoT,4,1,82,64,Service,Service,9.37
963,8.81,7,0,1,1,0.3,Civil,4,1,98,76,Government,Government,10.21
964,7.82,7,1,0,0,1.4,Core,2,0,90,72,Product,Product,11.42
965,8.08,13,1,0,0,0.2,IoT,5,1,82,69,Service,Service,11.68
966,7.78,12,1,1,1,1.7,Core,3,0,90,51,Product,Product,13.98
967,7.69,14,0,1,0,1.8,IoT,1,2,60,78,Startup,Startup,14.89
968,8.25,4,1,0,1,2.4,Cybersecurity,3,0,59,50,Government,Government,12.65
969,6.3,6,1,0,1,2.5,Web,4,3,89,43,Government,Government,11.7
970,7.39,3,0,0,0,0.2,IoT,3,0,64,81,Service,Service,6.99
971,5.28,13,0,0,0,1.0,IoT,5,1,52,70,Service,Service,10.48
972,8.77,8,0,1,1,2.1,Core,4,2,75,96,Government,Government,14.17
973,8.79,11,0,1,1,1.6,Semiconductor,4,0,66,90,Government,Government,14.39
974,7.11,9,1,1,0,0.4,Cloud,5,2,69,52,Government,Government,9.51
975,6.58,12,1,0,0,1.3,Cloud,4,2,73,85,Product,Product,11.98
976,5.43,5,0,1,0,0.7,Cybersecurity,1,2,58,71,Service,Service,6.83
977,7.87,3,1,1,1,2.2,Semiconductor,1,2,53,83,Startup,Startup,11.47
978,9.79,9,0,0,0,2.8,IoT,1,0,81,55,Government,Government,16.99
979,8.08,15,0,1,1,1.3,Cloud,0,2,74,56,Service,Service,14.68
980,8.05,11,0,1,0,2.4,Web,4,3,53,82,Startup,Startup,15.25
981,5.57,15,0,1,1,1.2,Mechanical,5,1,90,100,Product,Product,11.97
982,9.03,10,1,0,1,1.2,Civil,0,2,62,80,Government,Government,13.43
983,7.74,4,1,0,1,1.8,Cloud,1,0,63,58,Startup,Startup,10.94
984,5.89,11,0,0,1,1.1,Cybersecurity,3,1,99,71,Product,Product,10.49
985,6.61,4,1,0,1,0.1,Web,3,3,85,64,Government,Government,6.41
986,5.12,12,0,0,1,2.5,Mechanical,2,2,67,62,Startup,Startup,12.92
987,6.31,14,1,1,0,1.6,AIML,5,3,44,64,Startup,Startup,13.11
988,6.43,10,0,0,1,2.8,Core,4,1,85,85,Government,Government,14.03
989,6.24,1,0,1,0,1.3,DataScience,4,2,54,40,Government,Government,7.24
990,9.19,13,0,1,1,2.5,Cybersecurity,3,0,44,53,Government,Government,17.39
991,5.89,9,0,0,1,2.4,IoT,3,2,96,94,Service,Service,12.29
992,7.2,14,0,0,1,1.4,IoT,3,0,65,59,Service,Service,13.6
993,5.64,13,0,1,0,0.2,Cloud,4,3,92,57,Service,Service,9.24
994,8.49,11,0,0,0,1.5,Semiconductor,0,0,49,64,Product,Product,13.89
995,7.1,11,0,1,1,2.2,Semiconductor,0,0,53,94,Product,Product,13.9
996,8.67,15,1,1,0,0.5,Civil,5,2,52,49,Product,Product,13.67
997,7.93,3,1,0,1,0.4,Cybersecurity,1,2,96,54,Government,Government,7.93
998,8.61,1,1,0,1,2.0,Civil,5,1,65,99,Service,Service,11.01
999,9.59,1,0,0,0,0.2,Mechanical,0,2,99,74,Government,Government,8.39
1000,5.27,15,1,1,0,0.8,AIML,5,2,66,65,Product,Product,10.87
